{
	"STARTER": 3.9784693426003694,
	"PTS": 16.367278333101062,
	"FGM": 26.227421469005513,
	"FGA": 8.051382901288948,
	"FG_PCT": -5.572790469893389,
	"FG3M": 16.926558174607877,
	"FG3A": -3.1352013621016948,
	"FG3_PCT": 2.307764306614806,
	"FTM": -11.398956805255596,
	"FTA": 0.5402228983540941,
	"FT_PCT": 4.635059833609307,
	"OREB": -9.06036870041407,
	"DREB": -4.19752853492946,
	"REB": -9.753221772050233,
	"AST": -31.525987986121454,
	"TO": 3.9784693426003694,
	"STL": 7.5211024517825384,
	"BLK": -6.432389367300124,
	"PF": 3.0604962645730964,
	"MIN": 17.052432263631665,
	"IS_HOME": 3.533758283305031,
	"PTS_AVG": 45.99076673660252,
	"STL_AVG": -5.117178020115243,
	"BLK_AVG": -27.566676625820417,
	"REB_AVG": -9.536522355185943,
	"AST_AVG": 11.524581373983036,
	"DOUBLE_DOUBLE": 3.533758283305031,
	"DD_AVG": 17.047758259431255,
	"IS_LEADER": -2.268085501854898
}