{
	"STARTER": 0.0,
	"PTS": 0.03920958658401032,
	"FGM": 0.033337885873742694,
	"FGA": 0.051537994000546816,
	"FG_PCT": -0.06332121452897682,
	"FG3M": 0.11475271284064667,
	"FG3A": -0.10796460821713529,
	"FG3_PCT": 0.014059689831781982,
	"FTM": -0.026028161707801815,
	"FTA": 0.034844235630525196,
	"FT_PCT": -0.013506874151622838,
	"OREB": -0.003920561157332573,
	"DREB": -0.02214278804197447,
	"REB": -0.017704340057743944,
	"AST": -0.08762958394779276,
	"TO": 0.0,
	"STL": -0.019746120031459532,
	"BLK": -0.17507652785287822,
	"PF": 0.020546148552407828,
	"MIN": 0.01519156304916985,
	"IS_HOME": 0.0,
	"PTS_AVG": -0.15619826225206923,
	"STL_AVG": 0.05291761130039068,
	"BLK_AVG": -0.27493720580294123,
	"REB_AVG": 0.0863269149074164,
	"AST_AVG": 0.07501007040827003,
	"DOUBLE_DOUBLE": 0.0,
	"DD_AVG": 0.0008781789958660525,
	"IS_LEADER": 0.032063835653701814
}