{
	"STARTER": 0.0,
	"PTS": -0.012037049962553805,
	"FGM": 0.03153802508428371,
	"FGA": 0.1432977063138949,
	"FG_PCT": -0.05983826625447665,
	"FG3M": 0.005326313809058804,
	"FG3A": -0.02468492249841777,
	"FG3_PCT": 0.0417951069090614,
	"FTM": -0.10106919920592847,
	"FTA": 0.014734302539332706,
	"FT_PCT": 0.013001645267399642,
	"OREB": 0.017665858328755425,
	"DREB": -0.0493327540381019,
	"REB": -0.023057573477397862,
	"AST": 0.02835487065744177,
	"TO": 0.0,
	"STL": -0.049607991147004475,
	"BLK": -0.23063152066140702,
	"PF": 0.02355607032309496,
	"MIN": 0.0457247152042789,
	"IS_HOME": 0.0,
	"PTS_AVG": -0.263056415133972,
	"STL_AVG": -0.04887379772468023,
	"BLK_AVG": -0.14499918878612228,
	"REB_AVG": 0.16666068452257007,
	"AST_AVG": -0.011990743950793204,
	"DOUBLE_DOUBLE": 0.0,
	"DD_AVG": 0.00856879510892954,
	"IS_LEADER": 0.09861431210720126
}