{
	"STARTER": 0.0002537394430043009,
	"PTS": 0.031580489030434554,
	"FGM": 0.029459397248945175,
	"FGA": 0.03521955509391301,
	"FG_PCT": 0.025150849916837737,
	"FG3M": 0.008736053546345442,
	"FG3A": 0.013835085386737419,
	"FG3_PCT": 0.008856360542118018,
	"FTM": 0.012832880371205002,
	"FTA": 0.013697215703919923,
	"FT_PCT": 0.012697201623120224,
	"OREB": 0.00855974335593542,
	"DREB": 0.021852988141811757,
	"REB": 0.023257450494794003,
	"AST": 0.016313153467432888,
	"TO": 0.0005689080941063611,
	"STL": 0.008450615888360883,
	"BLK": 0.004324702476429354,
	"PF": 0.018026393813016812,
	"MIN": 0.046780403521104845,
	"IS_HOME": 0.0005061863360490933,
	"PTS_AVG": 0.03060008680562245,
	"STL_AVG": 0.00508837709017762,
	"BLK_AVG": 0.00230685984912653,
	"REB_AVG": 0.02065630644500261,
	"AST_AVG": 0.013220248640902632,
	"DOUBLE_DOUBLE": 0.00016799277825389294,
	"DD_AVG": 0.003584896421413397,
	"IS_LEADER": 0.004720918050702827
}