{
	"STARTER": 0.0006000424747123552,
	"PTS": 0.031048952710365653,
	"FGM": 0.029647253770819684,
	"FGA": 0.03518493020929281,
	"FG_PCT": 0.025217334262970088,
	"FG3M": 0.008874373039963317,
	"FG3A": 0.014319494739570298,
	"FG3_PCT": 0.00883006083164346,
	"FTM": 0.012695694279546496,
	"FTA": 0.013484273755423375,
	"FT_PCT": 0.01302641310819917,
	"OREB": 0.008463851527608963,
	"DREB": 0.02211508032274286,
	"REB": 0.022856347176187525,
	"AST": 0.016542594881282593,
	"TO": 0.00039684502490540857,
	"STL": 0.008352731939301401,
	"BLK": 0.004572213675585313,
	"PF": 0.01797466961158454,
	"MIN": 0.047197284013543936,
	"IS_HOME": 0.0005758489669509167,
	"DOUBLE_DOUBLE": 0.0003813850106482756,
	"IS_LEADER": 0.0048493481785429745
}