{
	"STARTER": 0.7338559128226756,
	"PTS": 0.5540358876156946,
	"FGM": 0.8278903491866203,
	"FGA": 0.6849446155573622,
	"FG_PCT": 0.45593238296753724,
	"FG3M": 0.9166070338733558,
	"FG3A": 0.7326923074713423,
	"FG3_PCT": 0.9503388205726269,
	"FTM": 0.26660318880687095,
	"FTA": 0.6684679530943058,
	"FT_PCT": 0.968644312334936,
	"OREB": 0.665148339568369,
	"DREB": 0.4351626562371482,
	"REB": 0.13648985964670435,
	"AST": 0.46325965679533865,
	"TO": 0.2554669903238542,
	"STL": 0.926389681229157,
	"BLK": 0.6123249206423309,
	"PF": 0.6727882896869559,
	"MIN": 0.2535352996719735,
	"IS_HOME": 0.9296469030726304,
	"DOUBLE_DOUBLE": 0.6342763836422165,
	"IS_LEADER": 0.05805555740112722
}