{
	"STARTER": 0.724490686323721,
	"PTS": 0.1456265533638561,
	"FGM": 0.1575260221485557,
	"FGA": 0.6225492867106466,
	"FG_PCT": 0.09401182615325454,
	"FG3M": 0.8589934717619405,
	"FG3A": 0.08203460295179776,
	"FG3_PCT": 0.07906830993772318,
	"FTM": 0.43457312718100216,
	"FTA": 0.10810012905336386,
	"FT_PCT": 0.02181970740954764,
	"OREB": 0.23698063352260368,
	"DREB": 0.8417573218683665,
	"REB": 0.6627100693547707,
	"AST": 0.4247283216462429,
	"TO": 0.8277446171990377,
	"STL": 0.9187180572930043,
	"BLK": 0.1845361552446192,
	"PF": 0.32434766496476986,
	"MIN": 0.35334351731836655,
	"IS_HOME": 0.5529893299830602,
	"PTS_AVG": 0.250443933775401,
	"STL_AVG": 0.7951605139407859,
	"BLK_AVG": 0.6416067359383304,
	"REB_AVG": 0.7421171092647385,
	"AST_AVG": 0.8880866028408053,
	"DOUBLE_DOUBLE": 0.47171963140422246,
	"DD_AVG": 0.2665295996699255,
	"IS_LEADER": 0.784897822485493
}