{
	"STARTER": 0.4606345186865024,
	"PTS": 0.021319683914630794,
	"FGM": 0.416290935792774,
	"FGA": 0.874277588419968,
	"FG_PCT": 0.5931535244417461,
	"FG3M": 0.37852364346221634,
	"FG3A": 0.2533229501521088,
	"FG3_PCT": 0.44310761553671374,
	"FTM": 0.38963578420727085,
	"FTA": 0.5541801828087856,
	"FT_PCT": 0.7330862512388583,
	"OREB": 0.5212543953619979,
	"DREB": 0.5343690836469568,
	"REB": 0.3306155535541748,
	"AST": 0.6489349460605929,
	"TO": 0.04574272850908834,
	"STL": 0.6759203362225703,
	"BLK": 0.7881029199524425,
	"PF": 0.35312874236580916,
	"MIN": 0.7561053074586974,
	"IS_HOME": 0.5117154450872166,
	"DOUBLE_DOUBLE": 0.6217368231120783,
	"IS_LEADER": 0.7488799744627114
}