{
	"STARTER": 0.5564282768441885,
	"PTS": 0.695796477205055,
	"FGM": 0.8059650618404471,
	"FGA": 0.14375280800939205,
	"FG_PCT": 0.32265346074817347,
	"FG3M": 0.2020599386083778,
	"FG3A": 0.9335644806234726,
	"FG3_PCT": 0.3207719870137894,
	"FTM": 0.5881063986454097,
	"FTA": 0.9896899597697598,
	"FT_PCT": 0.0952753617490526,
	"OREB": 0.3732452665605356,
	"DREB": 0.8598576790992831,
	"REB": 0.14057656672215624,
	"AST": 0.590727124067146,
	"TO": 0.34776310478167893,
	"STL": 0.41321240216640476,
	"BLK": 0.16563670098449734,
	"PF": 0.8937523691379379,
	"MIN": 0.46213815769132294,
	"IS_HOME": 0.8295769073770883,
	"PTS_AVG": 0.5893961851303416,
	"STL_AVG": 0.4241224638073081,
	"BLK_AVG": 0.9653694937710363,
	"REB_AVG": 0.4874472215000224,
	"AST_AVG": 0.550921411108222,
	"DOUBLE_DOUBLE": 0.0005041003205120687,
	"DD_AVG": 0.7412216370696981,
	"IS_LEADER": 0.8155750769581711
}