{
	"STARTER": 2.8658321151499018,
	"PTS": -1.5412632630489533,
	"FGM": -0.6787452520315722,
	"FGA": 0.3952009798103039,
	"FG_PCT": 1.2238893779314837,
	"FG3M": 0.11908600517917955,
	"FG3A": -0.30952976227495166,
	"FG3_PCT": 2.8452891307379344,
	"FTM": 1.3973822477981201,
	"FTA": 0.6774152989462143,
	"FT_PCT": 0.15747897922667162,
	"OREB": -1.2245503053578002,
	"DREB": 2.4775887305365387,
	"REB": -0.327445792074885,
	"AST": 2.0200067607625214,
	"TO": 0.47681176752849774,
	"STL": 0.40265019377140915,
	"BLK": -0.05295934067131734,
	"PF": -0.16663173307153567,
	"MIN": 0.24256310478385623,
	"IS_HOME": 1.0905868408081352,
	"PTS_AVG": 0.6733018005941285,
	"STL_AVG": -0.11087075096266238,
	"BLK_AVG": 0.7157813624661509,
	"REB_AVG": 7.753281690351246,
	"AST_AVG": 0.7184617245572897,
	"DOUBLE_DOUBLE": 0.9084388232114669,
	"DD_AVG": 1.133679808045982,
	"IS_LEADER": 1.9569692777649113
}