{
	"HOME-TEAM-PTS_QTR1": 0.771677831019194,
	"VIS-TEAM-PTS_QTR1": 0.7119886252260417,
	"HOME-TEAM-PTS_QTR2": 0.9693360628805177,
	"VIS-TEAM-PTS_QTR2": 0.5673367944673899,
	"HOME-TEAM-PTS_QTR3": 0.707893881795573,
	"VIS-TEAM-PTS_QTR3": 0.40934719764723115,
	"HOME-TEAM-PTS_QTR4": 0.7639478327604459,
	"VIS-TEAM-PTS_QTR4": 0.6899023257942882,
	"HOME-TEAM-PTS": 0.19777335864881118,
	"VIS-TEAM-PTS": 0.10960168465670916,
	"HOME-TEAM-FGM": 0.6505367275100362,
	"VIS-TEAM-FGM": 0.08496198063245064,
	"HOME-TEAM-FGA": 0.4122024043737701,
	"VIS-TEAM-FGA": 0.07257805285884666,
	"HOME-TEAM-FG_PCT": 0.06850797205592762,
	"VIS-TEAM-FG_PCT": 0.3929681476174667,
	"HOME-TEAM-FG3M": 0.9570024142332056,
	"VIS-TEAM-FG3M": 0.737446194685827,
	"HOME-TEAM-FG3A": 0.8594743958841264,
	"VIS-TEAM-FG3A": 0.17308382093476726,
	"HOME-TEAM-FG3_PCT": 0.47184346993787907,
	"VIS-TEAM-FG3_PCT": 0.22142127842003534,
	"HOME-TEAM-FTM": 0.003632012757670111,
	"VIS-TEAM-FTM": 0.6595512955926521,
	"HOME-TEAM-FTA": 0.16832092766503592,
	"VIS-TEAM-FTA": 0.5554502336071565,
	"HOME-TEAM-FT_PCT": 0.15557887404597404,
	"VIS-TEAM-FT_PCT": 0.29122907379016194,
	"HOME-TEAM-REB": 0.08077726741551494,
	"VIS-TEAM-REB": 0.11986390715138495,
	"HOME-TEAM-AST": 0.9638021377194046,
	"VIS-TEAM-AST": 0.7990893728009412,
	"HOME-TEAM-TOV": 0.9626491668961544,
	"VIS-TEAM-TOV": 0.7801706285724461,
	"HOME-TEAM-WINS": 0.8385664889034286,
	"VIS-TEAM-WINS": 0.8398485884253255,
	"HOME-TEAM-LOSSES": 0.521490020134035,
	"VIS-TEAM-LOSSES": 0.829819221849746,
	"HOME-WINNER": 0.3648913723240139,
	"VIS-WINNER": 0.21915788488999666,
	"HOME-TEAM-STANDING": 0.2603873585094294,
	"VIS-TEAM-STANDING": 0.21701574780852306,
	"HOME-STREAK-TYPE": 0.20756219271814658,
	"VIS-STREAK-TYPE": 0.2720571121915334,
	"HOME-STREAK-COUNT": 0.8491287833877436,
	"VIS-STREAK-COUNT": 0.5262794585757835
}