{
	"HOME-TEAM-PTS_QTR1": 0.3724624587629659,
	"VIS-TEAM-PTS_QTR1": 0.014848784568736506,
	"HOME-TEAM-PTS_QTR2": 0.2583932775332778,
	"VIS-TEAM-PTS_QTR2": 0.5428405297823532,
	"HOME-TEAM-PTS_QTR3": 0.31488819123310474,
	"VIS-TEAM-PTS_QTR3": 0.9379214940501945,
	"HOME-TEAM-PTS_QTR4": 0.5087808571250207,
	"VIS-TEAM-PTS_QTR4": 0.6123747609832071,
	"HOME-TEAM-PTS": 0.8296120817618434,
	"VIS-TEAM-PTS": 0.031316411964483204,
	"HOME-TEAM-FGM": 0.6425619111018843,
	"VIS-TEAM-FGM": 0.007143306799587967,
	"HOME-TEAM-FGA": 0.8182224889264997,
	"VIS-TEAM-FGA": 0.009064332170486855,
	"HOME-TEAM-FG_PCT": 0.3905212688172982,
	"VIS-TEAM-FG_PCT": 0.387374762557333,
	"HOME-TEAM-FG3M": 0.8328953955033915,
	"VIS-TEAM-FG3M": 0.6838066767141031,
	"HOME-TEAM-FG3A": 0.9269409400791022,
	"VIS-TEAM-FG3A": 0.04911250652953836,
	"HOME-TEAM-FG3_PCT": 0.81001339469462,
	"VIS-TEAM-FG3_PCT": 0.735811483617244,
	"HOME-TEAM-FTM": 0.21618197132164596,
	"VIS-TEAM-FTM": 0.5353774935846753,
	"HOME-TEAM-FTA": 0.05044015457750728,
	"VIS-TEAM-FTA": 0.9817866189656385,
	"HOME-TEAM-FT_PCT": 0.24492938538146458,
	"VIS-TEAM-FT_PCT": 0.13574795813974516,
	"HOME-TEAM-REB": 0.1497760844775613,
	"VIS-TEAM-REB": 0.8504956903274921,
	"HOME-TEAM-AST": 0.5937650851674482,
	"VIS-TEAM-AST": 0.12209193964027931,
	"HOME-TEAM-TOV": 0.4801076675112981,
	"VIS-TEAM-TOV": 0.7724570631077659,
	"HOME-TEAM-WINS": 0.32504037494968885,
	"VIS-TEAM-WINS": 0.01369495632279083,
	"HOME-TEAM-LOSSES": 0.7848220919580287,
	"VIS-TEAM-LOSSES": 0.5049754205948314,
	"HOME-WINNER": 0.522023830636678,
	"VIS-WINNER": 0.06699325278036117,
	"HOME-TEAM-STANDING": 0.7521661830988187,
	"VIS-TEAM-STANDING": 0.16344408919270625,
	"HOME-STREAK-TYPE": 0.3729538841060386,
	"VIS-STREAK-TYPE": 0.26753667863283126,
	"HOME-STREAK-COUNT": 0.6504632759147795,
	"VIS-STREAK-COUNT": 0.7002124391645643
}