{
	"HOME-TEAM-PTS_QTR1": 0.4359489585966433,
	"VIS-TEAM-PTS_QTR1": 0.7279171448929914,
	"HOME-TEAM-PTS_QTR2": 0.6463795987603618,
	"VIS-TEAM-PTS_QTR2": 0.6728419864099129,
	"HOME-TEAM-PTS_QTR3": 0.5451981947305515,
	"VIS-TEAM-PTS_QTR3": 0.23734489462239505,
	"HOME-TEAM-PTS_QTR4": 0.7489999342792032,
	"VIS-TEAM-PTS_QTR4": 0.7869366068529833,
	"HOME-TEAM-PTS": 0.24219286449793032,
	"VIS-TEAM-PTS": 0.907583340333276,
	"HOME-TEAM-FGM": 0.7878400962512617,
	"VIS-TEAM-FGM": 0.49290679655672287,
	"HOME-TEAM-FGA": 0.7387290461075984,
	"VIS-TEAM-FGA": 0.021715205861738696,
	"HOME-TEAM-FG_PCT": 0.8052868664712105,
	"VIS-TEAM-FG_PCT": 0.7210572097126664,
	"HOME-TEAM-FG3M": 0.790290973417006,
	"VIS-TEAM-FG3M": 0.8115672254050876,
	"HOME-TEAM-FG3A": 0.20377137586223704,
	"VIS-TEAM-FG3A": 0.4030145658061869,
	"HOME-TEAM-FG3_PCT": 0.2144194670838495,
	"VIS-TEAM-FG3_PCT": 0.6587034143434605,
	"HOME-TEAM-FTM": 0.07824188304580959,
	"VIS-TEAM-FTM": 0.9308542731690177,
	"HOME-TEAM-FTA": 0.17550984476923653,
	"VIS-TEAM-FTA": 0.8711969949149575,
	"HOME-TEAM-FT_PCT": 0.7373980030469119,
	"VIS-TEAM-FT_PCT": 0.8928057824434035,
	"HOME-TEAM-REB": 0.4060896455475431,
	"VIS-TEAM-REB": 0.3920750833677895,
	"HOME-TEAM-AST": 0.5458377420219573,
	"VIS-TEAM-AST": 0.31630165392556364,
	"HOME-TEAM-TOV": 0.9823770050870198,
	"VIS-TEAM-TOV": 0.5220264242338013,
	"HOME-TEAM-WINS": 0.8673739503468652,
	"VIS-TEAM-WINS": 0.5121263607028981,
	"HOME-TEAM-LOSSES": 0.9110760007753529,
	"VIS-TEAM-LOSSES": 0.7374606638560401,
	"HOME-WINNER": 0.6028957744006447,
	"VIS-WINNER": 0.49363425284639106,
	"HOME-TEAM-STANDING": 0.6557086081932312,
	"VIS-TEAM-STANDING": 0.5109643110048401,
	"HOME-STREAK-TYPE": 0.11447559012422315,
	"VIS-STREAK-TYPE": 0.23437595280308177,
	"HOME-STREAK-COUNT": 0.944482381548569,
	"VIS-STREAK-COUNT": 0.031572881074276804
}