{
	"HOME-TEAM-PTS_QTR1": 0.94160727690129,
	"VIS-TEAM-PTS_QTR1": 0.06548089558334436,
	"HOME-TEAM-PTS_QTR2": 0.5571493618255406,
	"VIS-TEAM-PTS_QTR2": 0.3245099908636233,
	"HOME-TEAM-PTS_QTR3": 0.2245473564739403,
	"VIS-TEAM-PTS_QTR3": 0.653670605992694,
	"HOME-TEAM-PTS_QTR4": 0.48238639091299484,
	"VIS-TEAM-PTS_QTR4": 0.46228790464310077,
	"HOME-TEAM-PTS": 0.13448674505058955,
	"VIS-TEAM-PTS": 0.5382212215269697,
	"HOME-TEAM-FGM": 0.8112888889088377,
	"VIS-TEAM-FGM": 0.5104586536835927,
	"HOME-TEAM-FGA": 0.20437582669942345,
	"VIS-TEAM-FGA": 0.9396749749862907,
	"HOME-TEAM-FG_PCT": 0.4240641830365117,
	"VIS-TEAM-FG_PCT": 0.7800417949107907,
	"HOME-TEAM-FG3M": 0.8907076410129235,
	"VIS-TEAM-FG3M": 0.6771203318533987,
	"HOME-TEAM-FG3A": 0.2982026256967112,
	"VIS-TEAM-FG3A": 0.04500890090463727,
	"HOME-TEAM-FG3_PCT": 0.8475352123869866,
	"VIS-TEAM-FG3_PCT": 0.39732912157702893,
	"HOME-TEAM-FTM": 0.9252221300533823,
	"VIS-TEAM-FTM": 0.2038459350743903,
	"HOME-TEAM-FTA": 0.4351551760680855,
	"VIS-TEAM-FTA": 0.3673528600124074,
	"HOME-TEAM-FT_PCT": 0.2172955639689067,
	"VIS-TEAM-FT_PCT": 0.40788972203869545,
	"HOME-TEAM-REB": 0.7260549072475964,
	"VIS-TEAM-REB": 0.34906869317998224,
	"HOME-TEAM-AST": 0.8806194821342083,
	"VIS-TEAM-AST": 0.11608259064852566,
	"HOME-TEAM-TOV": 0.27454954974536894,
	"VIS-TEAM-TOV": 0.6968386457545346,
	"HOME-TEAM-WINS": 0.7560048135410697,
	"VIS-TEAM-WINS": 0.057706086709519155,
	"HOME-TEAM-LOSSES": 0.7440723833635603,
	"VIS-TEAM-LOSSES": 0.5678347484381503,
	"HOME-WINNER": 0.1106495246814847,
	"VIS-WINNER": 0.9313471965527749,
	"HOME-TEAM-STANDING": 0.68683729590413,
	"VIS-TEAM-STANDING": 0.6336764827484673,
	"HOME-STREAK-TYPE": 0.3916217897444617,
	"VIS-STREAK-TYPE": 0.24780389361906607,
	"HOME-STREAK-COUNT": 0.4189925487463325,
	"VIS-STREAK-COUNT": 0.0853944314668954
}