{
	"HOME-TEAM-PTS_QTR1": 0.19811351989877657,
	"VIS-TEAM-PTS_QTR1": 0.8079554811920506,
	"HOME-TEAM-PTS_QTR2": 0.5639339448500247,
	"VIS-TEAM-PTS_QTR2": 0.28814370894652885,
	"HOME-TEAM-PTS_QTR3": 0.8027465436809436,
	"VIS-TEAM-PTS_QTR3": 0.8420591683237539,
	"HOME-TEAM-PTS_QTR4": 0.2687327714720612,
	"VIS-TEAM-PTS_QTR4": 0.8035733317922231,
	"HOME-TEAM-PTS": 0.8461119420038267,
	"VIS-TEAM-PTS": 0.21283102677438148,
	"HOME-TEAM-FGM": 0.02035206298176473,
	"VIS-TEAM-FGM": 0.8576744331396314,
	"HOME-TEAM-FGA": 0.5767202434253504,
	"VIS-TEAM-FGA": 0.8011699776467459,
	"HOME-TEAM-FG_PCT": 0.15314100648599482,
	"VIS-TEAM-FG_PCT": 0.4185705964135208,
	"HOME-TEAM-FG3M": 0.012290651418065512,
	"VIS-TEAM-FG3M": 0.7440138206813987,
	"HOME-TEAM-FG3A": 0.0998002080343996,
	"VIS-TEAM-FG3A": 0.5285824126601445,
	"HOME-TEAM-FG3_PCT": 0.15529179325463716,
	"VIS-TEAM-FG3_PCT": 0.1583246631210563,
	"HOME-TEAM-FTM": 0.0878035466090007,
	"VIS-TEAM-FTM": 0.4404390245281461,
	"HOME-TEAM-FTA": 0.5294441821621856,
	"VIS-TEAM-FTA": 0.9469970543483122,
	"HOME-TEAM-FT_PCT": 0.015276900814155225,
	"VIS-TEAM-FT_PCT": 0.10960036926339123,
	"HOME-TEAM-REB": 0.26102265828544224,
	"VIS-TEAM-REB": 0.9071399577970961,
	"HOME-TEAM-AST": 0.7914537788686752,
	"VIS-TEAM-AST": 0.567206429394997,
	"HOME-TEAM-TOV": 0.8372862842142816,
	"VIS-TEAM-TOV": 0.9520107668078693,
	"HOME-TEAM-WINS": 0.7081603426033036,
	"VIS-TEAM-WINS": 0.6051982320970108,
	"HOME-TEAM-LOSSES": 0.5335124293826423,
	"VIS-TEAM-LOSSES": 0.9007808697724107,
	"HOME-WINNER": 0.23278195693437786,
	"VIS-WINNER": 0.6771419042284347,
	"HOME-TEAM-STANDING": 0.14779765009523282,
	"VIS-TEAM-STANDING": 0.8004238010883852,
	"HOME-STREAK-TYPE": 0.7904124313574754,
	"VIS-STREAK-TYPE": 0.05346659846119861,
	"HOME-STREAK-COUNT": 0.8764860334120994,
	"VIS-STREAK-COUNT": 0.9491322513475343
}