{
	"HOME-TEAM-PTS_QTR1": 0.6009133218616995,
	"VIS-TEAM-PTS_QTR1": 0.02538266228209496,
	"HOME-TEAM-PTS_QTR2": 0.3735646797176613,
	"VIS-TEAM-PTS_QTR2": 0.6623368673052434,
	"HOME-TEAM-PTS_QTR3": 0.1025719289805056,
	"VIS-TEAM-PTS_QTR3": 0.4538864663709745,
	"HOME-TEAM-PTS_QTR4": 0.8513574071046872,
	"VIS-TEAM-PTS_QTR4": 0.8249405689645346,
	"HOME-TEAM-PTS": 0.8794839177493454,
	"VIS-TEAM-PTS": 0.49223383295764767,
	"HOME-TEAM-FGM": 0.6456824454957161,
	"VIS-TEAM-FGM": 0.6166476586946685,
	"HOME-TEAM-FGA": 0.77961642194456,
	"VIS-TEAM-FGA": 0.7622314981482652,
	"HOME-TEAM-FG_PCT": 0.594483748509901,
	"VIS-TEAM-FG_PCT": 0.28216950827617726,
	"HOME-TEAM-FG3M": 0.04683080901296066,
	"VIS-TEAM-FG3M": 0.7525710101112686,
	"HOME-TEAM-FG3A": 0.34739420589339565,
	"VIS-TEAM-FG3A": 0.6024517795039196,
	"HOME-TEAM-FG3_PCT": 0.8777584945865583,
	"VIS-TEAM-FG3_PCT": 0.5274527263744422,
	"HOME-TEAM-FTM": 0.12472875418362062,
	"VIS-TEAM-FTM": 0.8440858918800264,
	"HOME-TEAM-FTA": 0.1654462590409893,
	"VIS-TEAM-FTA": 0.9131741023483824,
	"HOME-TEAM-FT_PCT": 0.5267184939288434,
	"VIS-TEAM-FT_PCT": 0.5212606390880272,
	"HOME-TEAM-REB": 0.9291460125399991,
	"VIS-TEAM-REB": 0.7044811088634849,
	"HOME-TEAM-AST": 0.8187847387865235,
	"VIS-TEAM-AST": 0.2505942334869742,
	"HOME-TEAM-TOV": 0.12053872514621938,
	"VIS-TEAM-TOV": 0.22963691419165277,
	"HOME-TEAM-WINS": 0.9500561996926433,
	"VIS-TEAM-WINS": 0.9662115165224092,
	"HOME-TEAM-LOSSES": 0.2908182282645002,
	"VIS-TEAM-LOSSES": 0.7463302746727039,
	"HOME-WINNER": 0.09366230393483854,
	"VIS-WINNER": 0.6969638742004924,
	"HOME-TEAM-STANDING": 0.9264513443520983,
	"VIS-TEAM-STANDING": 0.8252283884622349,
	"HOME-STREAK-TYPE": 0.5004049821346643,
	"VIS-STREAK-TYPE": 0.09216274746203901,
	"HOME-STREAK-COUNT": 0.06686547913650452,
	"VIS-STREAK-COUNT": 0.4709438782912425
}