{
	"HOME-TEAM-PTS_QTR1": 1.9413142557174008,
	"VIS-TEAM-PTS_QTR1": 1.135979534343936,
	"HOME-TEAM-PTS_QTR2": 1.178058919368763,
	"VIS-TEAM-PTS_QTR2": 2.011869874448183,
	"HOME-TEAM-PTS_QTR3": 1.2904523717470369,
	"VIS-TEAM-PTS_QTR3": 1.5949119266003282,
	"HOME-TEAM-PTS_QTR4": 2.142196442089669,
	"VIS-TEAM-PTS_QTR4": 1.936923283279968,
	"HOME-TEAM-PTS": 0.7400021371361929,
	"VIS-TEAM-PTS": 0.5541764539961943,
	"HOME-TEAM-FGM": 0.6114949016878806,
	"VIS-TEAM-FGM": 0.917409208880887,
	"HOME-TEAM-FGA": 0.2549116550243401,
	"VIS-TEAM-FGA": 0.9575244403598983,
	"HOME-TEAM-FG_PCT": 1.0502737986539266,
	"VIS-TEAM-FG_PCT": -0.10666049189453919,
	"HOME-TEAM-FG3M": -0.13551939527281323,
	"VIS-TEAM-FG3M": 1.197609917020676,
	"HOME-TEAM-FG3A": 1.3307990163001975,
	"VIS-TEAM-FG3A": 0.3425599346751159,
	"HOME-TEAM-FG3_PCT": 0.2392669264808227,
	"VIS-TEAM-FG3_PCT": 0.635561553498845,
	"HOME-TEAM-FTM": -0.1556495555689712,
	"VIS-TEAM-FTM": 1.8152151764218263,
	"HOME-TEAM-FTA": 1.356853492647253,
	"VIS-TEAM-FTA": 0.10225459437975648,
	"HOME-TEAM-FT_PCT": 2.305869134944648,
	"VIS-TEAM-FT_PCT": 1.2317802248422547,
	"HOME-TEAM-REB": 1.9517354166549197,
	"VIS-TEAM-REB": 0.9333287754714433,
	"HOME-TEAM-AST": 0.5937822349455792,
	"VIS-TEAM-AST": 0.8745731457420695,
	"HOME-TEAM-TOV": -1.1130386369197385,
	"VIS-TEAM-TOV": 1.6023298720704129,
	"HOME-TEAM-WINS": 1.815088921180054,
	"VIS-TEAM-WINS": 1.9448336218761475,
	"HOME-TEAM-LOSSES": 0.7990493029798456,
	"VIS-TEAM-LOSSES": -0.10174499093403422,
	"HOME-WINNER": 0.9224039007402436,
	"VIS-WINNER": 0.5731962702458446,
	"HOME-TEAM-STANDING": 0.7322336769588567,
	"VIS-TEAM-STANDING": 1.4773516151294905,
	"HOME-STREAK-TYPE": 1.5448349342059666,
	"VIS-STREAK-TYPE": 0.017513979488532394,
	"HOME-STREAK-COUNT": 0.23191514269821079,
	"VIS-STREAK-COUNT": -0.2413258250255801
}